INSERT INTO Patients(PatientID, PatientName, DOB, Gender, Address) VALUES
(1, 'Mary Adams', '1979-04-25', 'Female', '123 City Ln'),
(2, 'John Lee', '1985-02-19', 'Male', '45 Market St'),
(3, 'Sara Kim', '1992-11-03', 'Female', '89 Sunset Ave'),
(4, 'Daniel Ruiz', '1978-07-14', 'Male', '12 Oak Dr'),
(5, 'Maya Patel', '2001-09-21', 'Female', '56 River Rd'),
(6, 'David Chen', '1989-01-30', 'Male', '77 Hillcrest Ct'),
(7, 'Emma Brown', '1995-04-12', 'Female', '900 Maple Blvd'),
(8, 'Lucas Johnson', '2000-12-01', 'Male', '22 Grove St'),
(9, 'Ava White', '1998-05-17', 'Female', '400 Pine Ln'),
(10, 'Oliver King', '1975-02-08', 'Male', '88 Fremont Way'),
(11, 'Noah Davis', '1990-06-27', 'Male', '29 Blossom Ct'),
(12, 'Chloe Nguyen', '1987-10-10', 'Female', '900 Canyon Rd'),
(13, 'Liam Garcia', '1993-03-04', 'Male', '125 Spring St'),
(14, 'Zoe Wilson', '2002-08-11', 'Female', '642 Bayview Ave'),
(15, 'Ethan Smith', '1981-12-19', 'Male', '501 Elm St');

INSERT INTO Doctors(DoctorID, DoctorName, PhoneNumber, Department) VALUES
(1, 'Joe Miller', '213-212-2131', 'Emergency'),
(2, 'Alice Wong', '415-555-1290', 'Cardiology'),
(3, 'Robert Thomas', '310-221-4588', 'Pediatrics'),
(4, 'Helen Carter', '650-334-9900', 'Dermatology'),
(5, 'Michael Jones', '408-889-2001', 'Oncology'),
(6, 'Sarah Evans', '510-333-2211', 'Neurology'),
(7, 'Kevin Lopez', '213-900-8811', 'Orthopedics'),
(8, 'Laura Kim', '714-204-9933', 'Gastroenterology'),
(9, 'James Diaz', '909-441-7744', 'Radiology'),
(10, 'Emily Ross', '323-811-8810', 'Family Medicine'),
(11, 'Patrick Hill', '562-120-3399', 'Urgent Care'),
(12, 'Ashley Rivera', '310-900-4432', 'Endocrinology'),
(13, 'Henry Brooks', '650-771-6621', 'Surgery'),
(14, 'Isabella Reed', '408-995-1122', 'Psychiatry'),
(15, 'Victor Chan', '714-777-3004', 'Internal Medicine');

INSERT INTO Appointments(AppointmentID, PatientID, DoctorID, ApptTime, Status) VALUES
(1, 1, 1, '2025-11-17 09:00:00', 'Completed'),
(2, 2, 3, '2025-11-18 10:00:00', 'Scheduled'),
(3, 3, 2, '2025-11-19 14:00:00', 'Canceled'),
(4, 4, 5, '2025-11-20 16:00:00', 'Completed'),
(5, 5, 4, '2025-11-21 11:00:00', 'Scheduled'),
(6, 6, 6, '2025-11-22 15:30:00', 'Completed'),
(7, 7, 8, '2025-11-22 17:00:00', 'Scheduled'),
(8, 8, 9, '2025-11-23 09:15:00', 'Completed'),
(9, 9, 7, '2025-11-23 13:00:00', 'Canceled'),
(10, 10, 10, '2025-11-24 08:00:00', 'Completed'),
(11, 11, 12, '2025-11-25 12:30:00', 'Scheduled'),
(12, 12, 11, '2025-11-25 15:00:00', 'Completed'),
(13, 13, 13, '2025-11-26 09:45:00', 'Scheduled'),
(14, 14, 15, '2025-11-27 14:30:00', 'Completed'),
(15, 15, 14, '2025-11-28 11:15:00', 'Scheduled');

INSERT INTO Prescriptions(PrescriptionID, AppointmentID, PrescriptionDate, IssuedByDoctorID) VALUES
(1, 1, '2025-01-12', 1),
(2, 2, '2025-02-05', 3),
(3, 3, '2025-02-18', 2),
(4, 4, '2025-03-10', 5),
(5, 5, '2025-03-22', 4),
(6, 6, '2025-04-01', 6),
(7, 7, '2025-04-14', 8),
(8, 8, '2025-05-03', 9),
(9, 9, '2025-05-22', 7),
(10, 10, '2025-06-10', 10),
(11, 11, '2025-06-28', 12),
(12, 12, '2025-07-19', 11),
(13, 13, '2025-08-07', 13),
(14, 14, '2025-08-28', 15),
(15, 15, '2025-09-15', 14);

INSERT INTO MedicalRecords(PatientID, DoctorID, PrescriptionID, VisitDate) VALUES
(1, 1, 1, '2025-01-12'),
(2, 3, 2, '2025-02-05'),
(3, 2, 3, '2025-02-18'),
(4, 5, 4, '2025-03-10'),
(5, 4, 5, '2025-03-22'),
(6, 6, 6, '2025-04-01'),
(7, 8, 7, '2025-04-14'),
(8, 9, 8, '2025-05-03'),
(9, 7, 9, '2025-05-22'),
(10, 10, 10, '2025-06-10'),
(11, 12, 11, '2025-06-28'),
(12, 11, 12, '2025-07-19'),
(13, 13, 13, '2025-08-07'),
(14, 15, 14, '2025-08-28'),
(15, 14, 15, '2025-09-15');